Username,Password,First_Name,Last_Name,Age,Street_Address,City,State,Zipcode,Gender,Preference,Hobbies
john.smith,password,John ,Smith ,23.0,3055 Waldorf Market Place,Waldorf,Maryland,20603.0,M,F,Soccer; Movies
randall.park,Password123,Randall,Park,36.0,4929 Elm Street,Bethesda,MD,20814.0,M,M,Running 
linda.bonilla,password123!,Linda,Bonilla,27.0,825 Goucher Blvd,Towson,MD,21286.0,F,M,Netflix; Music
erica.williams,Prmclo42#,Erica,Williams,30.0,177 Kentlands Blvd,Gaithersburg,MD,20878.0,F,M,Going out with friends
maria.garcia,Lms42C*,Maria,Garcia,21.0,615 Baltimore Pike,Bel Air,MD,21014.0,F,F,Singing 
ashley.may,HTjFjnGu,Ashley,May,23.0,905 Ellsworth Drive,Silver Spring,MD,20910.0,F,B,Music
joshua.snyder,5grN4W26,Joshua,Snyder ,33.0,2801 Campus Way North,Glenarden,MD,20706.0,M,F,Movies
daniel.richardson,vUDFCEyZ,Daniel,Richardson,21.0,4929 Elm St,Bethesda,MD,20814.0,M,B,Sports
jian.soriano,qwerty,Jian,Soriano,22.0,3307 Sonia Trail,Ellicott City,MD,21043.0,M,F,Guitar; Basketball
